x-referer,eyJyIjoiL2Vycm9yL2luZGV4LnBocD9lcnI9ZWMma2Vycj0xMzU3MDMyJmtlcnJfc3VtbWFyeT1UZXJqYWRpJTIwS2VzYWxhaGFuJmtlcnJfZGVzY3JpcHRpb249Q29iYSUyMG11YXQlMjB1bGFuZyUyMGhhbGFtYW4lMkMlMjBhdGF1JTIwdHV0dXAlMjBkYW4lMjBidWthJTIwa2VtYmFsaSUyMGplbmRlbGElMjBicm93c2VyJTIwQW5kYS4iLCJoIjoiL2Vycm9yL2luZGV4LnBocD9lcnI9ZWMma2Vycj0xMzU3MDMyJmtlcnJfc3VtbWFyeT1UZXJqYWRpJTIwS2VzYWxhaGFuJmtlcnJfZGVzY3JpcHRpb249Q29iYSUyMG11YXQlMjB1bGFuZyUyMGhhbGFtYW4lMkMlMjBhdGF1JTIwdHV0dXAlMjBkYW4lMjBidWthJTIwa2VtYmFsaSUyMGplbmRlbGElMjBicm93c2VyJTIwQW5kYS4iLCJzIjoibSJ9,.facebook.com,/
sb,FAhoZT9KeN6dmlTZLkGOb-Ky,.facebook.com,/
m_pixel_ratio,1.7004296779632568,.facebook.com,/
m_page_voice,61552745519547,.facebook.com,/
c_user,61558543636037,.facebook.com,/
ps_l,1,.facebook.com,/
locale,id_ID,.facebook.com,/
wd,375x667,.facebook.com,/
datr,FAhoZTnsE5bAICqP_5oQJ7AG,.facebook.com,/
xs,34%3ATCB1H3SFBxcUTg%3A2%3A1714120776%3A-1%3A-1,.facebook.com,/
,undefined,.facebook.com,/
wl_cbv,v2%3Bclient_version%3A2379%3Btimestamp%3A1702664428,.facebook.com,/
dpr,2,.facebook.com,/
ps_n,1,.facebook.com,/
vpd,v1%3B688x360x1.7004296779632568,.facebook.com,/
fbl_st,101625839%3BT%3A28568679,.facebook.com,/
zsh,ASSL8_IUV90FbK-b-2ACC0OPKmUIujZywOBT_n40LvYgjMXY6AMNjaDPdSbFxpyIEc7OJxS4f3gB6_Jf_K5tElAckqLSKbqp5W0fOQvw7cqCKYidp-sEqc_Q02EScv9lyHj37BjwwrDvz-3raIPZqL9AyZHYyWpCGppo0RkVladjfEZ6SODHvUlJ4t6lFukCYIV0XtaHckZbEDEZWFCsdCOpaAak3MnS41NK3QbBdfyBOkSF7yLMk5OjOlJqg3f8G9z0prwlR3S80NVCG8fkNF97pb5oP3B2Dd-hMfjd3H4xTYEF-IsY08rqagzHQf9xcKUV6m0EmUwGSA,.facebook.com,/
fr,1rZ7KBuCa793J2ybv.AWWjdG2iI2ylv3rugX1ByCWLLdU.BmqVgB..AAA.0.0.BmukwT.AWVBlkpt3vo,.facebook.com,/
presence,C%7B%22t3%22%3A%5B%5D%2C%22utc3%22%3A1723485287727%2C%22v%22%3A1%7D,.facebook.com,/